timeStamp,elapsed,label,responseCode,responseMessage,threadName,dataType,success,failureMessage,bytes,sentBytes,grpThreads,allThreads,URL,Latency,IdleTime,Connect
1620233574743,497,HTTP Request,200,OK,Thread Group 1-1,text,true,,367,155,1,1,http://localhost:8080/?token=466636729&user=1964540572&conf=1,496,0,17
1620233576742,438,HTTP Request,200,OK,Thread Group 1-1,text,true,,367,155,2,2,http://localhost:8080/?token=466636729&user=1964540572&conf=1,438,0,0
1620233577654,470,HTTP Request,200,OK,Thread Group 1-2,text,true,,367,155,2,2,http://localhost:8080/?token=466636729&user=1964540572&conf=1,470,0,1
1620233578681,440,HTTP Request,200,OK,Thread Group 1-1,text,true,,367,155,2,2,http://localhost:8080/?token=466636729&user=1964540572&conf=1,440,0,0
1620233579625,439,HTTP Request,200,OK,Thread Group 1-2,text,true,,367,155,3,3,http://localhost:8080/?token=466636729&user=1964540572&conf=1,439,0,0
1620233580622,443,HTTP Request,200,OK,Thread Group 1-1,text,true,,367,155,3,3,http://localhost:8080/?token=466636729&user=1964540572&conf=1,443,0,0
1620233580654,476,HTTP Request,200,OK,Thread Group 1-3,text,true,,367,155,3,3,http://localhost:8080/?token=466636729&user=1964540572&conf=1,476,0,1
1620233581568,443,HTTP Request,200,OK,Thread Group 1-2,text,true,,367,155,3,3,http://localhost:8080/?token=466636729&user=1964540572&conf=1,443,0,0
1620233582566,444,HTTP Request,200,OK,Thread Group 1-1,text,true,,367,155,4,4,http://localhost:8080/?token=466636729&user=1964540572&conf=1,444,0,0
1620233582632,444,HTTP Request,200,OK,Thread Group 1-3,text,true,,367,155,4,4,http://localhost:8080/?token=466636729&user=1964540572&conf=1,444,0,0
1620233583512,447,HTTP Request,200,OK,Thread Group 1-2,text,true,,367,155,4,4,http://localhost:8080/?token=466636729&user=1964540572&conf=1,447,0,0
1620233583654,477,HTTP Request,200,OK,Thread Group 1-4,text,true,,367,155,4,4,http://localhost:8080/?token=466636729&user=1964540572&conf=1,477,0,0
1620233584511,449,HTTP Request,200,OK,Thread Group 1-1,text,true,,367,155,4,4,http://localhost:8080/?token=466636729&user=1964540572&conf=1,449,0,0
1620233584577,450,HTTP Request,200,OK,Thread Group 1-3,text,true,,367,155,4,4,http://localhost:8080/?token=466636729&user=1964540572&conf=1,450,0,0
1620233585460,449,HTTP Request,200,OK,Thread Group 1-2,text,true,,367,155,5,5,http://localhost:8080/?token=466636729&user=1964540572&conf=1,449,0,0
1620233585632,447,HTTP Request,200,OK,Thread Group 1-4,text,true,,367,155,5,5,http://localhost:8080/?token=466636729&user=1964540572&conf=1,447,0,0
1620233586461,448,HTTP Request,200,OK,Thread Group 1-1,text,true,,367,155,5,5,http://localhost:8080/?token=466636729&user=1964540572&conf=1,448,0,0
1620233586528,461,HTTP Request,200,OK,Thread Group 1-3,text,true,,367,155,5,5,http://localhost:8080/?token=466636729&user=1964540572&conf=1,461,0,0
1620233586653,490,HTTP Request,200,OK,Thread Group 1-5,text,true,,367,155,5,5,http://localhost:8080/?token=466636729&user=1964540572&conf=1,489,0,1
1620233587410,453,HTTP Request,200,OK,Thread Group 1-2,text,true,,367,155,5,5,http://localhost:8080/?token=466636729&user=1964540572&conf=1,453,0,0
1620233587579,452,HTTP Request,200,OK,Thread Group 1-4,text,true,,367,155,5,5,http://localhost:8080/?token=466636729&user=1964540572&conf=1,452,0,0
1620233588410,451,HTTP Request,200,OK,Thread Group 1-1,text,true,,367,155,6,6,http://localhost:8080/?token=466636729&user=1964540572&conf=1,451,0,0
1620233588490,449,HTTP Request,200,OK,Thread Group 1-3,text,true,,367,155,6,6,http://localhost:8080/?token=466636729&user=1964540572&conf=1,449,0,0
1620233588644,451,HTTP Request,200,OK,Thread Group 1-5,text,true,,367,155,6,6,http://localhost:8080/?token=466636729&user=1964540572&conf=1,451,0,0
1620233589364,451,HTTP Request,200,OK,Thread Group 1-2,text,true,,367,155,6,6,http://localhost:8080/?token=466636729&user=1964540572&conf=1,451,0,0
1620233589532,452,HTTP Request,200,OK,Thread Group 1-4,text,true,,367,155,6,6,http://localhost:8080/?token=466636729&user=1964540572&conf=1,452,0,0
1620233589653,486,HTTP Request,200,OK,Thread Group 1-6,text,true,,367,155,6,6,http://localhost:8080/?token=466636729&user=1964540572&conf=1,486,0,0
1620233590362,455,HTTP Request,200,OK,Thread Group 1-1,text,true,,367,155,6,6,http://localhost:8080/?token=466636729&user=1964540572&conf=1,455,0,0
1620233590440,455,HTTP Request,200,OK,Thread Group 1-3,text,true,,367,155,6,6,http://localhost:8080/?token=466636729&user=1964540572&conf=1,455,0,0
1620233590596,457,HTTP Request,200,OK,Thread Group 1-5,text,true,,367,155,6,6,http://localhost:8080/?token=466636729&user=1964540572&conf=1,456,0,0
1620233591316,454,HTTP Request,200,OK,Thread Group 1-2,text,true,,367,155,7,7,http://localhost:8080/?token=466636729&user=1964540572&conf=1,454,0,0
1620233591484,454,HTTP Request,200,OK,Thread Group 1-4,text,true,,367,155,7,7,http://localhost:8080/?token=466636729&user=1964540572&conf=1,454,0,0
1620233591639,454,HTTP Request,200,OK,Thread Group 1-6,text,true,,367,155,7,7,http://localhost:8080/?token=466636729&user=1964540572&conf=1,454,0,0
1620233592318,457,HTTP Request,200,OK,Thread Group 1-1,text,true,,367,155,7,7,http://localhost:8080/?token=466636729&user=1964540572&conf=1,457,0,0
1620233592395,455,HTTP Request,200,OK,Thread Group 1-3,text,true,,367,155,7,7,http://localhost:8080/?token=466636729&user=1964540572&conf=1,455,0,0
1620233592553,461,HTTP Request,200,OK,Thread Group 1-5,text,true,,367,155,7,7,http://localhost:8080/?token=466636729&user=1964540572&conf=1,461,0,0
1620233592651,493,HTTP Request,200,OK,Thread Group 1-7,text,true,,367,155,7,7,http://localhost:8080/?token=466636729&user=1964540572&conf=1,493,0,1
1620233593271,459,HTTP Request,200,OK,Thread Group 1-2,text,true,,367,155,7,7,http://localhost:8080/?token=466636729&user=1964540572&conf=1,459,0,0
1620233593439,458,HTTP Request,200,OK,Thread Group 1-4,text,true,,367,155,7,7,http://localhost:8080/?token=466636729&user=1964540572&conf=1,458,0,0
1620233593593,459,HTTP Request,200,OK,Thread Group 1-6,text,true,,367,155,7,7,http://localhost:8080/?token=466636729&user=1964540572&conf=1,459,0,0
1620233594276,459,HTTP Request,200,OK,Thread Group 1-1,text,true,,367,155,8,8,http://localhost:8080/?token=466636729&user=1964540572&conf=1,458,0,0
1620233594351,459,HTTP Request,200,OK,Thread Group 1-3,text,true,,367,155,8,8,http://localhost:8080/?token=466636729&user=1964540572&conf=1,459,0,0
1620233594515,459,HTTP Request,200,OK,Thread Group 1-5,text,true,,367,155,8,8,http://localhost:8080/?token=466636729&user=1964540572&conf=1,459,0,0
1620233594645,459,HTTP Request,200,OK,Thread Group 1-7,text,true,,367,155,8,8,http://localhost:8080/?token=466636729&user=1964540572&conf=1,459,0,0
1620233595231,460,HTTP Request,200,OK,Thread Group 1-2,text,true,,367,155,8,8,http://localhost:8080/?token=466636729&user=1964540572&conf=1,460,0,0
1620233595398,459,HTTP Request,200,OK,Thread Group 1-4,text,true,,367,155,8,8,http://localhost:8080/?token=466636729&user=1964540572&conf=1,459,0,0
1620233595553,460,HTTP Request,200,OK,Thread Group 1-6,text,true,,367,155,8,8,http://localhost:8080/?token=466636729&user=1964540572&conf=1,460,0,0
1620233595653,497,HTTP Request,200,OK,Thread Group 1-8,text,true,,367,155,8,8,http://localhost:8080/?token=466636729&user=1964540572&conf=1,497,0,0
1620233596235,462,HTTP Request,200,OK,Thread Group 1-1,text,true,,367,155,8,8,http://localhost:8080/?token=466636729&user=1964540572&conf=1,462,0,0
1620233596311,462,HTTP Request,200,OK,Thread Group 1-3,text,true,,367,155,8,8,http://localhost:8080/?token=466636729&user=1964540572&conf=1,462,0,0
1620233596476,462,HTTP Request,200,OK,Thread Group 1-5,text,true,,367,155,8,8,http://localhost:8080/?token=466636729&user=1964540572&conf=1,462,0,0
1620233596604,463,HTTP Request,200,OK,Thread Group 1-7,text,true,,367,155,8,8,http://localhost:8080/?token=466636729&user=1964540572&conf=1,463,0,0
1620233597192,461,HTTP Request,200,OK,Thread Group 1-2,text,true,,367,155,9,9,http://localhost:8080/?token=466636729&user=1964540572&conf=1,461,0,0
1620233597358,462,HTTP Request,200,OK,Thread Group 1-4,text,true,,367,155,9,9,http://localhost:8080/?token=466636729&user=1964540572&conf=1,462,0,0
1620233597514,462,HTTP Request,200,OK,Thread Group 1-6,text,true,,367,155,9,9,http://localhost:8080/?token=466636729&user=1964540572&conf=1,462,0,0
1620233597650,465,HTTP Request,200,OK,Thread Group 1-8,text,true,,367,155,9,9,http://localhost:8080/?token=466636729&user=1964540572&conf=1,465,0,0
1620233598197,465,HTTP Request,200,OK,Thread Group 1-1,text,true,,367,155,9,9,http://localhost:8080/?token=466636729&user=1964540572&conf=1,465,0,0
1620233598273,464,HTTP Request,200,OK,Thread Group 1-3,text,true,,367,155,9,9,http://localhost:8080/?token=466636729&user=1964540572&conf=1,464,0,0
1620233598438,464,HTTP Request,200,OK,Thread Group 1-5,text,true,,367,155,9,9,http://localhost:8080/?token=466636729&user=1964540572&conf=1,464,0,0
1620233598568,465,HTTP Request,200,OK,Thread Group 1-7,text,true,,367,155,9,9,http://localhost:8080/?token=466636729&user=1964540572&conf=1,465,0,0
1620233598652,515,HTTP Request,200,OK,Thread Group 1-9,text,true,,367,155,9,9,http://localhost:8080/?token=466636729&user=1964540572&conf=1,515,0,0
1620233599154,465,HTTP Request,200,OK,Thread Group 1-2,text,true,,367,155,9,9,http://localhost:8080/?token=466636729&user=1964540572&conf=1,465,0,0
1620233599320,468,HTTP Request,200,OK,Thread Group 1-4,text,true,,367,155,9,9,http://localhost:8080/?token=466636729&user=1964540572&conf=1,468,0,0
1620233599477,471,HTTP Request,200,OK,Thread Group 1-6,text,true,,367,155,9,9,http://localhost:8080/?token=466636729&user=1964540572&conf=1,471,0,0
1620233599616,466,HTTP Request,200,OK,Thread Group 1-8,text,true,,367,155,9,9,http://localhost:8080/?token=466636729&user=1964540572&conf=1,466,0,0
1620233600163,467,HTTP Request,200,OK,Thread Group 1-1,text,true,,367,155,10,10,http://localhost:8080/?token=466636729&user=1964540572&conf=1,467,0,0
1620233600238,467,HTTP Request,200,OK,Thread Group 1-3,text,true,,367,155,10,10,http://localhost:8080/?token=466636729&user=1964540572&conf=1,467,0,0
1620233600403,470,HTTP Request,200,OK,Thread Group 1-5,text,true,,367,155,10,10,http://localhost:8080/?token=466636729&user=1964540572&conf=1,470,0,0
1620233600533,468,HTTP Request,200,OK,Thread Group 1-7,text,true,,367,155,10,10,http://localhost:8080/?token=466636729&user=1964540572&conf=1,467,0,0
1620233600668,467,HTTP Request,200,OK,Thread Group 1-9,text,true,,367,155,10,10,http://localhost:8080/?token=466636729&user=1964540572&conf=1,467,0,0
1620233601119,467,HTTP Request,200,OK,Thread Group 1-2,text,true,,367,155,10,10,http://localhost:8080/?token=466636729&user=1964540572&conf=1,467,0,0
1620233601288,469,HTTP Request,200,OK,Thread Group 1-4,text,true,,367,155,10,10,http://localhost:8080/?token=466636729&user=1964540572&conf=1,469,0,0
1620233601448,470,HTTP Request,200,OK,Thread Group 1-6,text,true,,367,155,10,10,http://localhost:8080/?token=466636729&user=1964540572&conf=1,469,0,0
1620233601583,470,HTTP Request,200,OK,Thread Group 1-8,text,true,,367,155,10,10,http://localhost:8080/?token=466636729&user=1964540572&conf=1,469,0,0
1620233601652,510,HTTP Request,200,OK,Thread Group 1-10,text,true,,367,155,10,10,http://localhost:8080/?token=466636729&user=1964540572&conf=1,510,0,1
1620233602131,469,HTTP Request,200,OK,Thread Group 1-1,text,true,,367,155,10,10,http://localhost:8080/?token=466636729&user=1964540572&conf=1,469,0,0
1620233602205,474,HTTP Request,200,OK,Thread Group 1-3,text,true,,367,155,10,10,http://localhost:8080/?token=466636729&user=1964540572&conf=1,474,0,0
1620233602374,472,HTTP Request,200,OK,Thread Group 1-5,text,true,,367,155,10,10,http://localhost:8080/?token=466636729&user=1964540572&conf=1,472,0,0
1620233602501,470,HTTP Request,200,OK,Thread Group 1-7,text,true,,367,155,10,10,http://localhost:8080/?token=466636729&user=1964540572&conf=1,470,0,0
1620233602636,470,HTTP Request,200,OK,Thread Group 1-9,text,true,,367,155,10,10,http://localhost:8080/?token=466636729&user=1964540572&conf=1,470,0,0
1620233603087,471,HTTP Request,200,OK,Thread Group 1-2,text,true,,367,155,11,11,http://localhost:8080/?token=466636729&user=1964540572&conf=1,471,0,0
1620233603258,471,HTTP Request,200,OK,Thread Group 1-4,text,true,,367,155,11,11,http://localhost:8080/?token=466636729&user=1964540572&conf=1,471,0,0
1620233603418,471,HTTP Request,200,OK,Thread Group 1-6,text,true,,367,155,11,11,http://localhost:8080/?token=466636729&user=1964540572&conf=1,471,0,0
1620233603553,474,HTTP Request,200,OK,Thread Group 1-8,text,true,,367,155,11,11,http://localhost:8080/?token=466636729&user=1964540572&conf=1,474,0,0
1620233603663,472,HTTP Request,200,OK,Thread Group 1-10,text,true,,367,155,11,11,http://localhost:8080/?token=466636729&user=1964540572&conf=1,472,0,0
1620233604102,471,HTTP Request,200,OK,Thread Group 1-1,text,true,,367,155,11,11,http://localhost:8080/?token=466636729&user=1964540572&conf=1,471,0,0
1620233604179,472,HTTP Request,200,OK,Thread Group 1-3,text,true,,367,155,11,11,http://localhost:8080/?token=466636729&user=1964540572&conf=1,472,0,0
1620233604346,473,HTTP Request,200,OK,Thread Group 1-5,text,true,,367,155,11,11,http://localhost:8080/?token=466636729&user=1964540572&conf=1,473,0,0
1620233604472,476,HTTP Request,200,OK,Thread Group 1-7,text,true,,367,155,11,11,http://localhost:8080/?token=466636729&user=1964540572&conf=1,476,0,0
1620233604606,473,HTTP Request,200,OK,Thread Group 1-9,text,true,,367,155,11,11,http://localhost:8080/?token=466636729&user=1964540572&conf=1,473,0,0
1620233604653,507,HTTP Request,200,OK,Thread Group 1-11,text,true,,367,155,11,11,http://localhost:8080/?token=466636729&user=1964540572&conf=1,507,0,1
1620233605058,474,HTTP Request,200,OK,Thread Group 1-2,text,true,,367,155,11,11,http://localhost:8080/?token=466636729&user=1964540572&conf=1,474,0,0
1620233605229,474,HTTP Request,200,OK,Thread Group 1-4,text,true,,367,155,11,11,http://localhost:8080/?token=466636729&user=1964540572&conf=1,474,0,0
1620233605389,474,HTTP Request,200,OK,Thread Group 1-6,text,true,,367,155,11,11,http://localhost:8080/?token=466636729&user=1964540572&conf=1,474,0,0
1620233605527,477,HTTP Request,200,OK,Thread Group 1-8,text,true,,367,155,11,11,http://localhost:8080/?token=466636729&user=1964540572&conf=1,477,0,0
1620233605635,478,HTTP Request,200,OK,Thread Group 1-10,text,true,,367,155,11,11,http://localhost:8080/?token=466636729&user=1964540572&conf=1,478,0,0
1620233606073,477,HTTP Request,200,OK,Thread Group 1-1,text,true,,367,155,12,12,http://localhost:8080/?token=466636729&user=1964540572&conf=1,477,0,0
1620233606151,477,HTTP Request,200,OK,Thread Group 1-3,text,true,,367,155,12,12,http://localhost:8080/?token=466636729&user=1964540572&conf=1,477,0,0
1620233606319,476,HTTP Request,200,OK,Thread Group 1-5,text,true,,367,155,12,12,http://localhost:8080/?token=466636729&user=1964540572&conf=1,476,0,0
1620233606448,476,HTTP Request,200,OK,Thread Group 1-7,text,true,,367,155,12,12,http://localhost:8080/?token=466636729&user=1964540572&conf=1,476,0,0
1620233606579,476,HTTP Request,200,OK,Thread Group 1-9,text,true,,367,155,12,12,http://localhost:8080/?token=466636729&user=1964540572&conf=1,476,0,0
1620233606660,475,HTTP Request,200,OK,Thread Group 1-11,text,true,,367,155,12,12,http://localhost:8080/?token=466636729&user=1964540572&conf=1,475,0,0
1620233607033,476,HTTP Request,200,OK,Thread Group 1-2,text,true,,367,155,12,12,http://localhost:8080/?token=466636729&user=1964540572&conf=1,476,0,0
1620233607204,477,HTTP Request,200,OK,Thread Group 1-4,text,true,,367,155,12,12,http://localhost:8080/?token=466636729&user=1964540572&conf=1,477,0,0
1620233607364,477,HTTP Request,200,OK,Thread Group 1-6,text,true,,367,155,12,12,http://localhost:8080/?token=466636729&user=1964540572&conf=1,477,0,0
1620233607504,479,HTTP Request,200,OK,Thread Group 1-8,text,true,,367,155,12,12,http://localhost:8080/?token=466636729&user=1964540572&conf=1,479,0,0
1620233607614,479,HTTP Request,200,OK,Thread Group 1-10,text,true,,367,155,12,12,http://localhost:8080/?token=466636729&user=1964540572&conf=1,478,0,0
1620233607651,512,HTTP Request,200,OK,Thread Group 1-12,text,true,,367,155,12,12,http://localhost:8080/?token=466636729&user=1964540572&conf=1,512,0,1
1620233608050,479,HTTP Request,200,OK,Thread Group 1-1,text,true,,367,155,12,12,http://localhost:8080/?token=466636729&user=1964540572&conf=1,479,0,0
1620233608129,481,HTTP Request,200,OK,Thread Group 1-3,text,true,,367,155,12,12,http://localhost:8080/?token=466636729&user=1964540572&conf=1,481,0,0
1620233608296,480,HTTP Request,200,OK,Thread Group 1-5,text,true,,367,155,12,12,http://localhost:8080/?token=466636729&user=1964540572&conf=1,480,0,0
1620233608425,480,HTTP Request,200,OK,Thread Group 1-7,text,true,,367,155,12,12,http://localhost:8080/?token=466636729&user=1964540572&conf=1,480,0,0
1620233608556,480,HTTP Request,200,OK,Thread Group 1-9,text,true,,367,155,12,12,http://localhost:8080/?token=466636729&user=1964540572&conf=1,480,0,0
1620233608636,483,HTTP Request,200,OK,Thread Group 1-11,text,true,,367,155,12,12,http://localhost:8080/?token=466636729&user=1964540572&conf=1,483,0,0
1620233609010,479,HTTP Request,200,OK,Thread Group 1-2,text,true,,367,155,13,13,http://localhost:8080/?token=466636729&user=1964540572&conf=1,479,0,0
1620233609182,479,HTTP Request,200,OK,Thread Group 1-4,text,true,,367,155,13,13,http://localhost:8080/?token=466636729&user=1964540572&conf=1,479,0,0
1620233609342,480,HTTP Request,200,OK,Thread Group 1-6,text,true,,367,155,13,13,http://localhost:8080/?token=466636729&user=1964540572&conf=1,480,0,0
1620233609484,480,HTTP Request,200,OK,Thread Group 1-8,text,true,,367,155,13,13,http://localhost:8080/?token=466636729&user=1964540572&conf=1,480,0,0
1620233609593,482,HTTP Request,200,OK,Thread Group 1-10,text,true,,367,155,13,13,http://localhost:8080/?token=466636729&user=1964540572&conf=1,482,0,0
1620233609664,508,HTTP Request,200,OK,Thread Group 1-12,text,true,,367,155,13,13,http://localhost:8080/?token=466636729&user=1964540572&conf=1,508,0,0
1620233610030,481,HTTP Request,200,OK,Thread Group 1-1,text,true,,367,155,13,13,http://localhost:8080/?token=466636729&user=1964540572&conf=1,481,0,0
1620233610111,484,HTTP Request,200,OK,Thread Group 1-3,text,true,,367,155,13,13,http://localhost:8080/?token=466636729&user=1964540572&conf=1,484,0,0
1620233610276,482,HTTP Request,200,OK,Thread Group 1-5,text,true,,367,155,13,13,http://localhost:8080/?token=466636729&user=1964540572&conf=1,482,0,0
1620233610406,485,HTTP Request,200,OK,Thread Group 1-7,text,true,,367,155,13,13,http://localhost:8080/?token=466636729&user=1964540572&conf=1,485,0,0
1620233610537,482,HTTP Request,200,OK,Thread Group 1-9,text,true,,367,155,13,13,http://localhost:8080/?token=466636729&user=1964540572&conf=1,482,0,0
1620233610620,484,HTTP Request,200,OK,Thread Group 1-11,text,true,,367,155,13,13,http://localhost:8080/?token=466636729&user=1964540572&conf=1,484,0,0
1620233610651,516,HTTP Request,200,OK,Thread Group 1-13,text,true,,367,155,13,13,http://localhost:8080/?token=466636729&user=1964540572&conf=1,516,0,1
1620233610990,485,HTTP Request,200,OK,Thread Group 1-2,text,true,,367,155,13,13,http://localhost:8080/?token=466636729&user=1964540572&conf=1,485,0,0
1620233611162,484,HTTP Request,200,OK,Thread Group 1-4,text,true,,367,155,13,13,http://localhost:8080/?token=466636729&user=1964540572&conf=1,484,0,0
1620233611322,486,HTTP Request,200,OK,Thread Group 1-6,text,true,,367,155,13,13,http://localhost:8080/?token=466636729&user=1964540572&conf=1,486,0,0
1620233611465,486,HTTP Request,200,OK,Thread Group 1-8,text,true,,367,155,13,13,http://localhost:8080/?token=466636729&user=1964540572&conf=1,486,0,0
1620233611578,485,HTTP Request,200,OK,Thread Group 1-10,text,true,,367,155,13,13,http://localhost:8080/?token=466636729&user=1964540572&conf=1,485,0,0
1620233611673,486,HTTP Request,200,OK,Thread Group 1-12,text,true,,367,155,14,14,http://localhost:8080/?token=466636729&user=1964540572&conf=1,486,0,0
1620233612012,485,HTTP Request,200,OK,Thread Group 1-1,text,true,,367,155,14,14,http://localhost:8080/?token=466636729&user=1964540572&conf=1,485,0,0
1620233612096,486,HTTP Request,200,OK,Thread Group 1-3,text,true,,367,155,14,14,http://localhost:8080/?token=466636729&user=1964540572&conf=1,486,0,0
1620233612259,485,HTTP Request,200,OK,Thread Group 1-5,text,true,,367,155,14,14,http://localhost:8080/?token=466636729&user=1964540572&conf=1,485,0,0
1620233612391,485,HTTP Request,200,OK,Thread Group 1-7,text,true,,367,155,14,14,http://localhost:8080/?token=466636729&user=1964540572&conf=1,485,0,0
1620233612519,485,HTTP Request,200,OK,Thread Group 1-9,text,true,,367,155,14,14,http://localhost:8080/?token=466636729&user=1964540572&conf=1,485,0,0
1620233612605,485,HTTP Request,200,OK,Thread Group 1-11,text,true,,367,155,14,14,http://localhost:8080/?token=466636729&user=1964540572&conf=1,485,0,0
1620233612668,487,HTTP Request,200,OK,Thread Group 1-13,text,true,,367,155,14,14,http://localhost:8080/?token=466636729&user=1964540572&conf=1,487,0,0
1620233612977,487,HTTP Request,200,OK,Thread Group 1-2,text,true,,367,155,14,14,http://localhost:8080/?token=466636729&user=1964540572&conf=1,486,0,0
1620233613146,487,HTTP Request,200,OK,Thread Group 1-4,text,true,,367,155,14,14,http://localhost:8080/?token=466636729&user=1964540572&conf=1,487,0,0
1620233613309,487,HTTP Request,200,OK,Thread Group 1-6,text,true,,367,155,14,14,http://localhost:8080/?token=466636729&user=1964540572&conf=1,487,0,0
1620233613452,487,HTTP Request,200,OK,Thread Group 1-8,text,true,,367,155,14,14,http://localhost:8080/?token=466636729&user=1964540572&conf=1,487,0,0
1620233613564,487,HTTP Request,200,OK,Thread Group 1-10,text,true,,367,155,14,14,http://localhost:8080/?token=466636729&user=1964540572&conf=1,487,0,0
1620233613660,487,HTTP Request,200,OK,Thread Group 1-12,text,true,,367,155,14,14,http://localhost:8080/?token=466636729&user=1964540572&conf=1,487,0,0
1620233613653,521,HTTP Request,200,OK,Thread Group 1-14,text,true,,367,155,14,14,http://localhost:8080/?token=466636729&user=1964540572&conf=1,521,0,1
1620233613998,490,HTTP Request,200,OK,Thread Group 1-1,text,true,,367,155,14,14,http://localhost:8080/?token=466636729&user=1964540572&conf=1,490,0,0
1620233614083,491,HTTP Request,200,OK,Thread Group 1-3,text,true,,367,155,14,14,http://localhost:8080/?token=466636729&user=1964540572&conf=1,491,0,0
1620233614244,489,HTTP Request,200,OK,Thread Group 1-5,text,true,,367,155,14,14,http://localhost:8080/?token=466636729&user=1964540572&conf=1,489,0,0
1620233614377,488,HTTP Request,200,OK,Thread Group 1-7,text,true,,367,155,14,14,http://localhost:8080/?token=466636729&user=1964540572&conf=1,488,0,0
1620233614505,488,HTTP Request,200,OK,Thread Group 1-9,text,true,,367,155,14,14,http://localhost:8080/?token=466636729&user=1964540572&conf=1,488,0,0
1620233614591,503,HTTP Request,200,OK,Thread Group 1-11,text,true,,367,155,14,14,http://localhost:8080/?token=466636729&user=1964540572&conf=1,503,0,0
1620233614655,491,HTTP Request,200,OK,Thread Group 1-13,text,true,,367,155,14,14,http://localhost:8080/?token=466636729&user=1964540572&conf=1,491,0,0
1620233614965,489,HTTP Request,200,OK,Thread Group 1-2,text,true,,367,155,15,15,http://localhost:8080/?token=466636729&user=1964540572&conf=1,489,0,0
1620233615135,489,HTTP Request,200,OK,Thread Group 1-4,text,true,,367,155,15,15,http://localhost:8080/?token=466636729&user=1964540572&conf=1,489,0,0
1620233615297,490,HTTP Request,200,OK,Thread Group 1-6,text,true,,367,155,15,15,http://localhost:8080/?token=466636729&user=1964540572&conf=1,490,0,0
1620233615441,489,HTTP Request,200,OK,Thread Group 1-8,text,true,,367,155,15,15,http://localhost:8080/?token=466636729&user=1964540572&conf=1,489,0,0
1620233615552,491,HTTP Request,200,OK,Thread Group 1-10,text,true,,367,155,15,15,http://localhost:8080/?token=466636729&user=1964540572&conf=1,491,0,0
1620233615649,490,HTTP Request,200,OK,Thread Group 1-12,text,true,,367,155,15,15,http://localhost:8080/?token=466636729&user=1964540572&conf=1,490,0,0
1620233615676,490,HTTP Request,200,OK,Thread Group 1-14,text,true,,367,155,15,15,http://localhost:8080/?token=466636729&user=1964540572&conf=1,490,0,0
1620233615989,494,HTTP Request,200,OK,Thread Group 1-1,text,true,,367,155,15,15,http://localhost:8080/?token=466636729&user=1964540572&conf=1,494,0,0
1620233616075,492,HTTP Request,200,OK,Thread Group 1-3,text,true,,367,155,15,15,http://localhost:8080/?token=466636729&user=1964540572&conf=1,492,0,0
1620233616235,491,HTTP Request,200,OK,Thread Group 1-5,text,true,,367,155,15,15,http://localhost:8080/?token=466636729&user=1964540572&conf=1,491,0,0
1620233616367,492,HTTP Request,200,OK,Thread Group 1-7,text,true,,367,155,15,15,http://localhost:8080/?token=466636729&user=1964540572&conf=1,492,0,0
1620233616495,492,HTTP Request,200,OK,Thread Group 1-9,text,true,,367,155,15,15,http://localhost:8080/?token=466636729&user=1964540572&conf=1,492,0,0
1620233616596,493,HTTP Request,200,OK,Thread Group 1-11,text,true,,367,155,15,15,http://localhost:8080/?token=466636729&user=1964540572&conf=1,493,0,0
1620233616648,492,HTTP Request,200,OK,Thread Group 1-13,text,true,,367,155,15,15,http://localhost:8080/?token=466636729&user=1964540572&conf=1,492,0,0
1620233616652,529,HTTP Request,200,OK,Thread Group 1-15,text,true,,367,155,15,15,http://localhost:8080/?token=466636729&user=1964540572&conf=1,529,0,1
1620233616955,494,HTTP Request,200,OK,Thread Group 1-2,text,true,,367,155,15,15,http://localhost:8080/?token=466636729&user=1964540572&conf=1,494,0,0
1620233617125,495,HTTP Request,200,OK,Thread Group 1-4,text,true,,367,155,15,15,http://localhost:8080/?token=466636729&user=1964540572&conf=1,494,0,0
1620233617288,496,HTTP Request,200,OK,Thread Group 1-6,text,true,,367,155,15,15,http://localhost:8080/?token=466636729&user=1964540572&conf=1,496,0,0
1620233617431,496,HTTP Request,200,OK,Thread Group 1-8,text,true,,367,155,15,15,http://localhost:8080/?token=466636729&user=1964540572&conf=1,496,0,0
1620233617544,495,HTTP Request,200,OK,Thread Group 1-10,text,true,,367,155,15,15,http://localhost:8080/?token=466636729&user=1964540572&conf=1,495,0,0
1620233617640,494,HTTP Request,200,OK,Thread Group 1-12,text,true,,367,155,15,15,http://localhost:8080/?token=466636729&user=1964540572&conf=1,494,0,0
1620233617667,495,HTTP Request,200,OK,Thread Group 1-14,text,true,,367,155,16,16,http://localhost:8080/?token=466636729&user=1964540572&conf=1,495,0,0
1620233617983,500,HTTP Request,200,OK,Thread Group 1-1,text,true,,367,155,16,16,http://localhost:8080/?token=466636729&user=1964540572&conf=1,500,0,0
1620233618068,497,HTTP Request,200,OK,Thread Group 1-3,text,true,,367,155,16,16,http://localhost:8080/?token=466636729&user=1964540572&conf=1,497,0,0
1620233618227,495,HTTP Request,200,OK,Thread Group 1-5,text,true,,367,155,16,16,http://localhost:8080/?token=466636729&user=1964540572&conf=1,495,0,0
1620233618359,496,HTTP Request,200,OK,Thread Group 1-7,text,true,,367,155,16,16,http://localhost:8080/?token=466636729&user=1964540572&conf=1,496,0,0
1620233618488,497,HTTP Request,200,OK,Thread Group 1-9,text,true,,367,155,16,16,http://localhost:8080/?token=466636729&user=1964540572&conf=1,497,0,0
1620233618590,495,HTTP Request,200,OK,Thread Group 1-11,text,true,,367,155,16,16,http://localhost:8080/?token=466636729&user=1964540572&conf=1,495,0,0
1620233618641,496,HTTP Request,200,OK,Thread Group 1-13,text,true,,367,155,16,16,http://localhost:8080/?token=466636729&user=1964540572&conf=1,496,0,0
1620233618681,497,HTTP Request,200,OK,Thread Group 1-15,text,true,,367,155,16,16,http://localhost:8080/?token=466636729&user=1964540572&conf=1,497,0,0
1620233618950,500,HTTP Request,200,OK,Thread Group 1-2,text,true,,367,155,16,16,http://localhost:8080/?token=466636729&user=1964540572&conf=1,500,0,0
1620233619120,498,HTTP Request,200,OK,Thread Group 1-4,text,true,,367,155,16,16,http://localhost:8080/?token=466636729&user=1964540572&conf=1,498,0,0
1620233619285,498,HTTP Request,200,OK,Thread Group 1-6,text,true,,367,155,16,16,http://localhost:8080/?token=466636729&user=1964540572&conf=1,498,0,0
1620233619428,497,HTTP Request,200,OK,Thread Group 1-8,text,true,,367,155,16,16,http://localhost:8080/?token=466636729&user=1964540572&conf=1,497,0,0
1620233619540,499,HTTP Request,200,OK,Thread Group 1-10,text,true,,367,155,16,16,http://localhost:8080/?token=466636729&user=1964540572&conf=1,499,0,0
1620233619635,498,HTTP Request,200,OK,Thread Group 1-12,text,true,,367,155,16,16,http://localhost:8080/?token=466636729&user=1964540572&conf=1,498,0,0
1620233619663,498,HTTP Request,200,OK,Thread Group 1-14,text,true,,367,155,16,16,http://localhost:8080/?token=466636729&user=1964540572&conf=1,498,0,0
1620233619653,534,HTTP Request,200,OK,Thread Group 1-16,text,true,,367,155,16,16,http://localhost:8080/?token=466636729&user=1964540572&conf=1,534,0,1
1620233619983,502,HTTP Request,200,OK,Thread Group 1-1,text,true,,367,155,16,16,http://localhost:8080/?token=466636729&user=1964540572&conf=1,502,0,0
1620233620066,502,HTTP Request,200,OK,Thread Group 1-3,text,true,,367,155,16,16,http://localhost:8080/?token=466636729&user=1964540572&conf=1,501,0,0
1620233620223,500,HTTP Request,200,OK,Thread Group 1-5,text,true,,367,155,16,16,http://localhost:8080/?token=466636729&user=1964540572&conf=1,500,0,0
1620233620356,499,HTTP Request,200,OK,Thread Group 1-7,text,true,,367,155,16,16,http://localhost:8080/?token=466636729&user=1964540572&conf=1,499,0,0
1620233620486,504,HTTP Request,200,OK,Thread Group 1-9,text,true,,367,155,16,16,http://localhost:8080/?token=466636729&user=1964540572&conf=1,504,0,0
1620233620586,499,HTTP Request,200,OK,Thread Group 1-11,text,true,,367,155,16,16,http://localhost:8080/?token=466636729&user=1964540572&conf=1,499,0,0
1620233620638,499,HTTP Request,200,OK,Thread Group 1-13,text,true,,367,155,16,16,http://localhost:8080/?token=466636729&user=1964540572&conf=1,499,0,0
1620233620679,504,HTTP Request,200,OK,Thread Group 1-15,text,true,,367,155,17,17,http://localhost:8080/?token=466636729&user=1964540572&conf=1,504,0,0
1620233620951,500,HTTP Request,200,OK,Thread Group 1-2,text,true,,367,155,17,17,http://localhost:8080/?token=466636729&user=1964540572&conf=1,500,0,0
1620233621118,502,HTTP Request,200,OK,Thread Group 1-4,text,true,,367,155,17,17,http://localhost:8080/?token=466636729&user=1964540572&conf=1,502,0,0
1620233621284,502,HTTP Request,200,OK,Thread Group 1-6,text,true,,367,155,17,17,http://localhost:8080/?token=466636729&user=1964540572&conf=1,502,0,0
1620233621426,502,HTTP Request,200,OK,Thread Group 1-8,text,true,,367,155,17,17,http://localhost:8080/?token=466636729&user=1964540572&conf=1,502,0,0
1620233621539,503,HTTP Request,200,OK,Thread Group 1-10,text,true,,367,155,17,17,http://localhost:8080/?token=466636729&user=1964540572&conf=1,503,0,0
1620233621634,503,HTTP Request,200,OK,Thread Group 1-12,text,true,,367,155,17,17,http://localhost:8080/?token=466636729&user=1964540572&conf=1,503,0,0
1620233621662,502,HTTP Request,200,OK,Thread Group 1-14,text,true,,367,155,17,17,http://localhost:8080/?token=466636729&user=1964540572&conf=1,502,0,0
1620233621688,501,HTTP Request,200,OK,Thread Group 1-16,text,true,,367,155,17,17,http://localhost:8080/?token=466636729&user=1964540572&conf=1,501,0,0
1620233621986,502,HTTP Request,200,OK,Thread Group 1-1,text,true,,367,155,17,17,http://localhost:8080/?token=466636729&user=1964540572&conf=1,502,0,0
1620233622068,504,HTTP Request,200,OK,Thread Group 1-3,text,true,,367,155,17,17,http://localhost:8080/?token=466636729&user=1964540572&conf=1,504,0,0
1620233622223,501,HTTP Request,200,OK,Thread Group 1-5,text,true,,367,155,17,17,http://localhost:8080/?token=466636729&user=1964540572&conf=1,501,0,0
1620233622356,502,HTTP Request,200,OK,Thread Group 1-7,text,true,,367,155,17,17,http://localhost:8080/?token=466636729&user=1964540572&conf=1,502,0,0
1620233622491,504,HTTP Request,200,OK,Thread Group 1-9,text,true,,367,155,17,17,http://localhost:8080/?token=466636729&user=1964540572&conf=1,504,0,0
1620233622585,503,HTTP Request,200,OK,Thread Group 1-11,text,true,,367,155,17,17,http://localhost:8080/?token=466636729&user=1964540572&conf=1,503,0,0
1620233622638,501,HTTP Request,200,OK,Thread Group 1-13,text,true,,367,155,17,17,http://localhost:8080/?token=466636729&user=1964540572&conf=1,501,0,0
1620233622684,503,HTTP Request,200,OK,Thread Group 1-15,text,true,,367,155,17,17,http://localhost:8080/?token=466636729&user=1964540572&conf=1,503,0,0
1620233622652,541,HTTP Request,200,OK,Thread Group 1-17,text,true,,367,155,17,17,http://localhost:8080/?token=466636729&user=1964540572&conf=1,541,0,1
1620233622952,504,HTTP Request,200,OK,Thread Group 1-2,text,true,,367,155,17,17,http://localhost:8080/?token=466636729&user=1964540572&conf=1,504,0,0
1620233623121,503,HTTP Request,200,OK,Thread Group 1-4,text,true,,367,155,17,17,http://localhost:8080/?token=466636729&user=1964540572&conf=1,503,0,0
1620233623287,507,HTTP Request,200,OK,Thread Group 1-6,text,true,,367,155,17,17,http://localhost:8080/?token=466636729&user=1964540572&conf=1,507,0,0
1620233623429,507,HTTP Request,200,OK,Thread Group 1-8,text,true,,367,155,17,17,http://localhost:8080/?token=466636729&user=1964540572&conf=1,507,0,0
1620233623542,507,HTTP Request,200,OK,Thread Group 1-10,text,true,,367,155,17,17,http://localhost:8080/?token=466636729&user=1964540572&conf=1,507,0,0
1620233623637,505,HTTP Request,200,OK,Thread Group 1-12,text,true,,367,155,17,17,http://localhost:8080/?token=466636729&user=1964540572&conf=1,505,0,0
1620233623665,503,HTTP Request,200,OK,Thread Group 1-14,text,true,,367,155,18,18,http://localhost:8080/?token=466636729&user=1964540572&conf=1,503,0,0
1620233623689,504,HTTP Request,200,OK,Thread Group 1-16,text,true,,367,155,18,18,http://localhost:8080/?token=466636729&user=1964540572&conf=1,504,0,0
1620233623989,507,HTTP Request,200,OK,Thread Group 1-1,text,true,,367,155,18,18,http://localhost:8080/?token=466636729&user=1964540572&conf=1,506,0,0
1620233624072,527,HTTP Request,200,OK,Thread Group 1-3,text,true,,367,155,18,18,http://localhost:8080/?token=466636729&user=1964540572&conf=1,527,0,0
1620233624225,508,HTTP Request,200,OK,Thread Group 1-5,text,true,,367,155,18,18,http://localhost:8080/?token=466636729&user=1964540572&conf=1,508,0,0
1620233624359,507,HTTP Request,200,OK,Thread Group 1-7,text,true,,367,155,18,18,http://localhost:8080/?token=466636729&user=1964540572&conf=1,507,0,0
1620233624495,508,HTTP Request,200,OK,Thread Group 1-9,text,true,,367,155,18,18,http://localhost:8080/?token=466636729&user=1964540572&conf=1,508,0,0
1620233624589,507,HTTP Request,200,OK,Thread Group 1-11,text,true,,367,155,18,18,http://localhost:8080/?token=466636729&user=1964540572&conf=1,506,0,0
1620233624639,509,HTTP Request,200,OK,Thread Group 1-13,text,true,,367,155,18,18,http://localhost:8080/?token=466636729&user=1964540572&conf=1,509,0,0
1620233624688,507,HTTP Request,200,OK,Thread Group 1-15,text,true,,367,155,18,18,http://localhost:8080/?token=466636729&user=1964540572&conf=1,507,0,0
1620233624693,509,HTTP Request,200,OK,Thread Group 1-17,text,true,,367,155,18,18,http://localhost:8080/?token=466636729&user=1964540572&conf=1,509,0,0
1620233624957,510,HTTP Request,200,OK,Thread Group 1-2,text,true,,367,155,18,18,http://localhost:8080/?token=466636729&user=1964540572&conf=1,510,0,0
1620233625125,510,HTTP Request,200,OK,Thread Group 1-4,text,true,,367,155,18,18,http://localhost:8080/?token=466636729&user=1964540572&conf=1,510,0,0
1620233625295,510,HTTP Request,200,OK,Thread Group 1-6,text,true,,367,155,18,18,http://localhost:8080/?token=466636729&user=1964540572&conf=1,510,0,0
1620233625437,508,HTTP Request,200,OK,Thread Group 1-8,text,true,,367,155,18,18,http://localhost:8080/?token=466636729&user=1964540572&conf=1,508,0,0
1620233625550,510,HTTP Request,200,OK,Thread Group 1-10,text,true,,367,155,18,18,http://localhost:8080/?token=466636729&user=1964540572&conf=1,510,0,0
1620233625642,510,HTTP Request,200,OK,Thread Group 1-12,text,true,,367,155,18,18,http://localhost:8080/?token=466636729&user=1964540572&conf=1,510,0,0
1620233625669,508,HTTP Request,200,OK,Thread Group 1-14,text,true,,367,155,18,18,http://localhost:8080/?token=466636729&user=1964540572&conf=1,508,0,0
1620233625652,543,HTTP Request,200,OK,Thread Group 1-18,text,true,,367,155,18,18,http://localhost:8080/?token=466636729&user=1964540572&conf=1,543,0,1
1620233625694,509,HTTP Request,200,OK,Thread Group 1-16,text,true,,367,155,18,18,http://localhost:8080/?token=466636729&user=1964540572&conf=1,509,0,0
1620233625996,510,HTTP Request,200,OK,Thread Group 1-1,text,true,,367,155,18,18,http://localhost:8080/?token=466636729&user=1964540572&conf=1,510,0,0
1620233626099,512,HTTP Request,200,OK,Thread Group 1-3,text,true,,367,155,18,18,http://localhost:8080/?token=466636729&user=1964540572&conf=1,512,0,0
1620233626234,510,HTTP Request,200,OK,Thread Group 1-5,text,true,,367,155,18,18,http://localhost:8080/?token=466636729&user=1964540572&conf=1,510,0,0
1620233626366,510,HTTP Request,200,OK,Thread Group 1-7,text,true,,367,155,18,18,http://localhost:8080/?token=466636729&user=1964540572&conf=1,510,0,0
1620233626504,510,HTTP Request,200,OK,Thread Group 1-9,text,true,,367,155,18,18,http://localhost:8080/?token=466636729&user=1964540572&conf=1,510,0,0
1620233626596,511,HTTP Request,200,OK,Thread Group 1-11,text,true,,367,155,18,18,http://localhost:8080/?token=466636729&user=1964540572&conf=1,511,0,0
1620233626648,510,HTTP Request,200,OK,Thread Group 1-13,text,true,,367,155,19,19,http://localhost:8080/?token=466636729&user=1964540572&conf=1,510,0,0
1620233626696,510,HTTP Request,200,OK,Thread Group 1-15,text,true,,367,155,19,19,http://localhost:8080/?token=466636729&user=1964540572&conf=1,510,0,0
1620233626702,513,HTTP Request,200,OK,Thread Group 1-17,text,true,,367,155,19,19,http://localhost:8080/?token=466636729&user=1964540572&conf=1,512,0,0
1620233626968,522,HTTP Request,200,OK,Thread Group 1-2,text,true,,367,155,19,19,http://localhost:8080/?token=466636729&user=1964540572&conf=1,522,0,0
1620233627136,511,HTTP Request,200,OK,Thread Group 1-4,text,true,,367,155,19,19,http://localhost:8080/?token=466636729&user=1964540572&conf=1,511,0,0
1620233627305,512,HTTP Request,200,OK,Thread Group 1-6,text,true,,367,155,19,19,http://localhost:8080/?token=466636729&user=1964540572&conf=1,512,0,0
1620233627445,512,HTTP Request,200,OK,Thread Group 1-8,text,true,,367,155,19,19,http://localhost:8080/?token=466636729&user=1964540572&conf=1,512,0,0
1620233627561,512,HTTP Request,200,OK,Thread Group 1-10,text,true,,367,155,19,19,http://localhost:8080/?token=466636729&user=1964540572&conf=1,512,0,0
1620233627653,512,HTTP Request,200,OK,Thread Group 1-12,text,true,,367,155,19,19,http://localhost:8080/?token=466636729&user=1964540572&conf=1,512,0,0
1620233627678,511,HTTP Request,200,OK,Thread Group 1-14,text,true,,367,155,19,19,http://localhost:8080/?token=466636729&user=1964540572&conf=1,511,0,0
1620233627695,514,HTTP Request,200,OK,Thread Group 1-18,text,true,,367,155,19,19,http://localhost:8080/?token=466636729&user=1964540572&conf=1,514,0,0
1620233627703,514,HTTP Request,200,OK,Thread Group 1-16,text,true,,367,155,19,19,http://localhost:8080/?token=466636729&user=1964540572&conf=1,514,0,0
1620233628007,515,HTTP Request,200,OK,Thread Group 1-1,text,true,,367,155,19,19,http://localhost:8080/?token=466636729&user=1964540572&conf=1,515,0,0
1620233628112,516,HTTP Request,200,OK,Thread Group 1-3,text,true,,367,155,19,19,http://localhost:8080/?token=466636729&user=1964540572&conf=1,516,0,0
1620233628244,514,HTTP Request,200,OK,Thread Group 1-5,text,true,,367,155,19,19,http://localhost:8080/?token=466636729&user=1964540572&conf=1,514,0,0
1620233628377,515,HTTP Request,200,OK,Thread Group 1-7,text,true,,367,155,19,19,http://localhost:8080/?token=466636729&user=1964540572&conf=1,515,0,0
1620233628515,513,HTTP Request,200,OK,Thread Group 1-9,text,true,,367,155,19,19,http://localhost:8080/?token=466636729&user=1964540572&conf=1,513,0,0
1620233628608,512,HTTP Request,200,OK,Thread Group 1-11,text,true,,367,155,19,19,http://localhost:8080/?token=466636729&user=1964540572&conf=1,512,0,0
1620233628659,515,HTTP Request,200,OK,Thread Group 1-13,text,true,,367,155,19,19,http://localhost:8080/?token=466636729&user=1964540572&conf=1,515,0,0
1620233628652,550,HTTP Request,200,OK,Thread Group 1-19,text,true,,367,155,19,19,http://localhost:8080/?token=466636729&user=1964540572&conf=1,550,0,0
1620233628706,513,HTTP Request,200,OK,Thread Group 1-15,text,true,,367,155,19,19,http://localhost:8080/?token=466636729&user=1964540572&conf=1,513,0,0
1620233628716,517,HTTP Request,200,OK,Thread Group 1-17,text,true,,367,155,19,19,http://localhost:8080/?token=466636729&user=1964540572&conf=1,517,0,0
1620233628990,515,HTTP Request,200,OK,Thread Group 1-2,text,true,,367,155,19,19,http://localhost:8080/?token=466636729&user=1964540572&conf=1,515,0,0
1620233629147,515,HTTP Request,200,OK,Thread Group 1-4,text,true,,367,155,19,19,http://localhost:8080/?token=466636729&user=1964540572&conf=1,515,0,0
1620233629318,519,HTTP Request,200,OK,Thread Group 1-6,text,true,,367,155,19,19,http://localhost:8080/?token=466636729&user=1964540572&conf=1,519,0,0
1620233629458,518,HTTP Request,200,OK,Thread Group 1-8,text,true,,367,155,19,19,http://localhost:8080/?token=466636729&user=1964540572&conf=1,518,0,0
1620233629573,517,HTTP Request,200,OK,Thread Group 1-10,text,true,,367,155,19,19,http://localhost:8080/?token=466636729&user=1964540572&conf=1,517,0,0
1620233629665,516,HTTP Request,200,OK,Thread Group 1-12,text,true,,367,155,20,20,http://localhost:8080/?token=466636729&user=1964540572&conf=1,516,0,0
1620233629689,515,HTTP Request,200,OK,Thread Group 1-14,text,true,,367,155,20,20,http://localhost:8080/?token=466636729&user=1964540572&conf=1,515,0,0
1620233629710,520,HTTP Request,200,OK,Thread Group 1-18,text,true,,367,155,20,20,http://localhost:8080/?token=466636729&user=1964540572&conf=1,520,0,0
1620233629718,517,HTTP Request,200,OK,Thread Group 1-16,text,true,,367,155,20,20,http://localhost:8080/?token=466636729&user=1964540572&conf=1,517,0,0
1620233630023,516,HTTP Request,200,OK,Thread Group 1-1,text,true,,367,155,20,20,http://localhost:8080/?token=466636729&user=1964540572&conf=1,516,0,0
1620233630128,526,HTTP Request,200,OK,Thread Group 1-3,text,true,,367,155,20,20,http://localhost:8080/?token=466636729&user=1964540572&conf=1,526,0,0
1620233630259,517,HTTP Request,200,OK,Thread Group 1-5,text,true,,367,155,20,20,http://localhost:8080/?token=466636729&user=1964540572&conf=1,517,0,0
1620233630393,515,HTTP Request,200,OK,Thread Group 1-7,text,true,,367,155,20,20,http://localhost:8080/?token=466636729&user=1964540572&conf=1,515,0,0
1620233630529,518,HTTP Request,200,OK,Thread Group 1-9,text,true,,367,155,20,20,http://localhost:8080/?token=466636729&user=1964540572&conf=1,518,0,0
1620233630621,517,HTTP Request,200,OK,Thread Group 1-11,text,true,,367,155,20,20,http://localhost:8080/?token=466636729&user=1964540572&conf=1,517,0,0
1620233630675,516,HTTP Request,200,OK,Thread Group 1-13,text,true,,367,155,20,20,http://localhost:8080/?token=466636729&user=1964540572&conf=1,516,0,0
1620233630702,516,HTTP Request,200,OK,Thread Group 1-19,text,true,,367,155,20,20,http://localhost:8080/?token=466636729&user=1964540572&conf=1,516,0,0
1620233630720,518,HTTP Request,200,OK,Thread Group 1-15,text,true,,367,155,20,20,http://localhost:8080/?token=466636729&user=1964540572&conf=1,517,0,0
1620233630734,520,HTTP Request,200,OK,Thread Group 1-17,text,true,,367,155,20,20,http://localhost:8080/?token=466636729&user=1964540572&conf=1,519,0,0
1620233631005,522,HTTP Request,200,OK,Thread Group 1-2,text,true,,367,155,20,20,http://localhost:8080/?token=466636729&user=1964540572&conf=1,522,0,0
1620233631163,521,HTTP Request,200,OK,Thread Group 1-4,text,true,,367,155,20,20,http://localhost:8080/?token=466636729&user=1964540572&conf=1,521,0,0
1620233631338,529,HTTP Request,200,OK,Thread Group 1-6,text,true,,367,155,20,20,http://localhost:8080/?token=466636729&user=1964540572&conf=1,529,0,0
1620233631477,521,HTTP Request,200,OK,Thread Group 1-8,text,true,,367,155,20,20,http://localhost:8080/?token=466636729&user=1964540572&conf=1,521,0,0
1620233631590,523,HTTP Request,200,OK,Thread Group 1-10,text,true,,367,155,20,20,http://localhost:8080/?token=466636729&user=1964540572&conf=1,523,0,0
1620233631682,519,HTTP Request,200,OK,Thread Group 1-12,text,true,,367,155,20,20,http://localhost:8080/?token=466636729&user=1964540572&conf=1,519,0,0
1620233631652,553,HTTP Request,200,OK,Thread Group 1-20,text,true,,367,155,20,20,http://localhost:8080/?token=466636729&user=1964540572&conf=1,553,0,0
1620233631705,519,HTTP Request,200,OK,Thread Group 1-14,text,true,,367,155,20,20,http://localhost:8080/?token=466636729&user=1964540572&conf=1,519,0,0
1620233631730,520,HTTP Request,200,OK,Thread Group 1-18,text,true,,367,155,20,20,http://localhost:8080/?token=466636729&user=1964540572&conf=1,520,0,0
1620233631736,522,HTTP Request,200,OK,Thread Group 1-16,text,true,,367,155,20,20,http://localhost:8080/?token=466636729&user=1964540572&conf=1,522,0,0
1620233632040,522,HTTP Request,200,OK,Thread Group 1-1,text,true,,367,155,20,20,http://localhost:8080/?token=466636729&user=1964540572&conf=1,521,0,0
1620233632155,521,HTTP Request,200,OK,Thread Group 1-3,text,true,,367,155,20,20,http://localhost:8080/?token=466636729&user=1964540572&conf=1,521,0,0
1620233632277,522,HTTP Request,200,OK,Thread Group 1-5,text,true,,367,155,20,20,http://localhost:8080/?token=466636729&user=1964540572&conf=1,522,0,0
1620233632409,522,HTTP Request,200,OK,Thread Group 1-7,text,true,,367,155,20,20,http://localhost:8080/?token=466636729&user=1964540572&conf=1,522,0,0
1620233632547,522,HTTP Request,200,OK,Thread Group 1-9,text,true,,367,155,20,20,http://localhost:8080/?token=466636729&user=1964540572&conf=1,522,0,0
1620233632639,521,HTTP Request,200,OK,Thread Group 1-11,text,true,,367,155,21,21,http://localhost:8080/?token=466636729&user=1964540572&conf=1,521,0,0
1620233632692,524,HTTP Request,200,OK,Thread Group 1-13,text,true,,367,155,21,21,http://localhost:8080/?token=466636729&user=1964540572&conf=1,524,0,0
1620233632719,521,HTTP Request,200,OK,Thread Group 1-19,text,true,,367,155,21,21,http://localhost:8080/?token=466636729&user=1964540572&conf=1,521,0,0
1620233632738,523,HTTP Request,200,OK,Thread Group 1-15,text,true,,367,155,21,21,http://localhost:8080/?token=466636729&user=1964540572&conf=1,523,0,0
1620233632754,524,HTTP Request,200,OK,Thread Group 1-17,text,true,,367,155,21,21,http://localhost:8080/?token=466636729&user=1964540572&conf=1,524,0,0
1620233633028,525,HTTP Request,200,OK,Thread Group 1-2,text,true,,367,155,21,21,http://localhost:8080/?token=466636729&user=1964540572&conf=1,525,0,0
1620233633185,523,HTTP Request,200,OK,Thread Group 1-4,text,true,,367,155,21,21,http://localhost:8080/?token=466636729&user=1964540572&conf=1,523,0,0
1620233633367,524,HTTP Request,200,OK,Thread Group 1-6,text,true,,367,155,21,21,http://localhost:8080/?token=466636729&user=1964540572&conf=1,524,0,0
1620233633498,526,HTTP Request,200,OK,Thread Group 1-8,text,true,,367,155,21,21,http://localhost:8080/?token=466636729&user=1964540572&conf=1,525,0,0
1620233633614,524,HTTP Request,200,OK,Thread Group 1-10,text,true,,367,155,21,21,http://localhost:8080/?token=466636729&user=1964540572&conf=1,524,0,0
1620233633701,526,HTTP Request,200,OK,Thread Group 1-12,text,true,,367,155,21,21,http://localhost:8080/?token=466636729&user=1964540572&conf=1,526,0,0
1620233633705,523,HTTP Request,200,OK,Thread Group 1-20,text,true,,367,155,21,21,http://localhost:8080/?token=466636729&user=1964540572&conf=1,523,0,0
1620233633724,527,HTTP Request,200,OK,Thread Group 1-14,text,true,,367,155,21,21,http://localhost:8080/?token=466636729&user=1964540572&conf=1,527,0,0
1620233633751,526,HTTP Request,200,OK,Thread Group 1-18,text,true,,367,155,21,21,http://localhost:8080/?token=466636729&user=1964540572&conf=1,526,0,0
1620233633759,526,HTTP Request,200,OK,Thread Group 1-16,text,true,,367,155,21,21,http://localhost:8080/?token=466636729&user=1964540572&conf=1,526,0,0
1620233634062,529,HTTP Request,200,OK,Thread Group 1-1,text,true,,367,155,21,21,http://localhost:8080/?token=466636729&user=1964540572&conf=1,529,0,0
1620233634177,528,HTTP Request,200,OK,Thread Group 1-3,text,true,,367,155,21,21,http://localhost:8080/?token=466636729&user=1964540572&conf=1,528,0,0
1620233634299,526,HTTP Request,200,OK,Thread Group 1-5,text,true,,367,155,21,21,http://localhost:8080/?token=466636729&user=1964540572&conf=1,526,0,0
1620233634432,526,HTTP Request,200,OK,Thread Group 1-7,text,true,,367,155,21,21,http://localhost:8080/?token=466636729&user=1964540572&conf=1,526,0,0
1620233634570,526,HTTP Request,200,OK,Thread Group 1-9,text,true,,367,155,21,21,http://localhost:8080/?token=466636729&user=1964540572&conf=1,526,0,0
1620233634661,526,HTTP Request,200,OK,Thread Group 1-11,text,true,,367,155,21,21,http://localhost:8080/?token=466636729&user=1964540572&conf=1,526,0,0
1620233634653,561,HTTP Request,200,OK,Thread Group 1-21,text,true,,367,155,21,21,http://localhost:8080/?token=466636729&user=1964540572&conf=1,561,0,0
1620233634716,526,HTTP Request,200,OK,Thread Group 1-13,text,true,,367,155,21,21,http://localhost:8080/?token=466636729&user=1964540572&conf=1,526,0,0
1620233634741,527,HTTP Request,200,OK,Thread Group 1-19,text,true,,367,155,21,21,http://localhost:8080/?token=466636729&user=1964540572&conf=1,527,0,0
1620233634762,529,HTTP Request,200,OK,Thread Group 1-15,text,true,,367,155,21,21,http://localhost:8080/?token=466636729&user=1964540572&conf=1,529,0,0
1620233634779,530,HTTP Request,200,OK,Thread Group 1-17,text,true,,367,155,21,21,http://localhost:8080/?token=466636729&user=1964540572&conf=1,530,0,0
1620233635054,530,HTTP Request,200,OK,Thread Group 1-2,text,true,,367,155,21,21,http://localhost:8080/?token=466636729&user=1964540572&conf=1,530,0,0
1620233635209,529,HTTP Request,200,OK,Thread Group 1-4,text,true,,367,155,21,21,http://localhost:8080/?token=466636729&user=1964540572&conf=1,529,0,0
1620233635392,533,HTTP Request,200,OK,Thread Group 1-6,text,true,,367,155,21,21,http://localhost:8080/?token=466636729&user=1964540572&conf=1,533,0,0
1620233635524,531,HTTP Request,200,OK,Thread Group 1-8,text,true,,367,155,21,21,http://localhost:8080/?token=466636729&user=1964540572&conf=1,531,0,0
1620233635639,528,HTTP Request,200,OK,Thread Group 1-10,text,true,,367,155,22,22,http://localhost:8080/?token=466636729&user=1964540572&conf=1,528,0,0
1620233635727,526,HTTP Request,200,OK,Thread Group 1-12,text,true,,367,155,22,22,http://localhost:8080/?token=466636729&user=1964540572&conf=1,525,0,0
1620233635729,524,HTTP Request,200,OK,Thread Group 1-20,text,true,,367,155,22,22,http://localhost:8080/?token=466636729&user=1964540572&conf=1,524,0,0
1620233635751,528,HTTP Request,200,OK,Thread Group 1-14,text,true,,367,155,22,22,http://localhost:8080/?token=466636729&user=1964540572&conf=1,528,0,0
1620233635777,531,HTTP Request,200,OK,Thread Group 1-18,text,true,,367,155,22,22,http://localhost:8080/?token=466636729&user=1964540572&conf=1,531,0,0
1620233635786,532,HTTP Request,200,OK,Thread Group 1-16,text,true,,367,155,22,22,http://localhost:8080/?token=466636729&user=1964540572&conf=1,532,0,0
1620233636092,572,HTTP Request,Non HTTP response code: java.net.SocketTimeoutException,Non HTTP response message: Read timed out,Thread Group 1-1,text,false,"Test failed: code expected to equal /

****** received  : [[[Non HTTP response code: java.net.SocketTimeoutException]]]

****** comparison: [[[200                                                    ]]]

/",2677,0,22,22,http://localhost:8080/?token=466636729&user=1964540572&conf=1,0,0,1
1620233636206,530,HTTP Request,200,OK,Thread Group 1-3,text,true,,367,155,19,19,http://localhost:8080/?token=466636729&user=1964540572&conf=1,530,0,0
1620233636326,530,HTTP Request,200,OK,Thread Group 1-5,text,true,,367,155,14,14,http://localhost:8080/?token=466636729&user=1964540572&conf=1,530,0,0
1620233636459,531,HTTP Request,200,OK,Thread Group 1-7,text,true,,367,155,13,13,http://localhost:8080/?token=466636729&user=1964540572&conf=1,531,0,0
1620233636596,530,HTTP Request,200,OK,Thread Group 1-9,text,true,,367,155,11,11,http://localhost:8080/?token=466636729&user=1964540572&conf=1,529,0,0
